<?xml version="1.0" encoding="UTF-8"?>
<!DOCTYPE mapper
    PUBLIC "-//mybatis.org//DTD Mapper 3.0//EN"
    "http://mybatis.org/dtd/mybatis-3-mapper.dtd">
<mapper namespace="com.get.notice.NoticeMapper">
  
  <select id="getNoticeList">
    SELECT NOTICE_IDX, NOTICE_TITLE, NOTICE_CONTENT, N_VIEWS, TO_CHAR(N_REG_DATE,'YY-MM-DD') N_REG_DATE
     FROM NOTICE
     ORDER BY NOTICE_IDX DESC
     OFFSET #{arg0} ROWS FETCH NEXT #{arg1} ROWS ONLY
  </select>
  
  <select id="getNotice">
    SELECT NOTICE_IDX, NOTICE_TITLE, NOTICE_CONTENT, N_VIEWS, TO_CHAR(N_REG_DATE,'YY-MM-DD') N_REG_DATE
     FROM NOTICE
     WHERE NOTICE_IDX = #{ notice_idx }
  </select>
  
  <update id="upNoticeView">
    UPDATE NOTICE SET N_VIEWS = N_VIEWS + 1
    WHERE NOTICE_IDX = #{ notice_idx }
  </update>
  
  <select id="getTotalNoticeCount">
    SELECT COUNT(*)
     FROM NOTICE
  </select>
  
  <select id="updateNotice">
    UPDATE NOTICE
     SET NOTICE_TITLE = #{ notice_title }, NOTICE_CONTENT = #{ notice_content }
     WHERE NOTICE_IDX = #{ notice_idx }
  </select>
  
  <insert id="insertNotice">
    INSERT INTO NOTICE( NOTICE_TITLE, NOTICE_CONTENT )
     VALUES(#{ notice_title }, #{ notice_content })
  </insert>
  
  <delete id="deleteNotice">
    DELETE NOTICE
     WHERE NOTICE_IDX = #{ notice_idx }
  </delete>
  <select id="getAllNoticeList">
      SELECT NOTICE_IDX, NOTICE_TITLE, NOTICE_CONTENT, N_VIEWS, TO_CHAR(N_REG_DATE,'YY-MM-DD') N_REG_DATE
          FROM NOTICE
          ORDER BY NOTICE_IDX DESC
  </select>
</mapper>