<?xml version="1.0" encoding="UTF-8"?>
<!DOCTYPE mapper PUBLIC "-//mybatis.org//DTD Mapper 3.0//EN" "http://mybatis.org/dtd/mybatis-3-mapper.dtd">
<mapper namespace="com.get.security.service.UserMapper">

    <update id="upJoinCount" parameterType="String">
    UPDATE MEMBERS
    SET JOIN_COUNT = JOIN_COUNT + 1
    WHERE EMAIL = #{email}
</update>

    <select id="findUserByUserNamePhone">
        SELECT *
        FROM MEMBERS
        WHERE USERNAME=#{param1} AND PHONE=#{param2}
    </select>
	<select id="findUser">
		SELECT EMAIL,PASSWORD,USER_GRANT FROM MEMBERS WHERE EMAIL=#{email}
	</select>
	<select id="findUserByEmail">
		SELECT * FROM MEMBERS WHERE EMAIL=#{email}
	</select>
	<insert id="save">
		INSERT INTO MEMBERS values (
		#{email}
		,#{nickname}
		,#{password}
		,#{username}
		,#{birth}
		,#{phone}
		,null
		,#{address1}
		,#{address2}
		,#{postnumber}
		,SYSDATE
		,'USER'
		)
	</insert>

	<select id="getLastLoginDate" parameterType="String" resultType="java.util.Date" >
		SELECT LAST_LOGIN_DATE
		FROM MEMBERS
		WHERE EMAIL = #{email}
	</select>

	<update id="updateLoginDateAndCount" parameterType="String">
		UPDATE MEMBERS
		SET JOIN_COUNT = JOIN_COUNT + 1,
		LAST_LOGIN_DATE = SYSDATE
		WHERE EMAIL = #{email}
	</update>

	<update id="updateLoginDate" parameterType="String">
		UPDATE MEMBERS
		SET LAST_LOGIN_DATE = SYSDATE
		WHERE EMAIL = #{email}
	</update>
</mapper>